이름,외국인 등록번호,나이,성별,국적,거주지,직업,한국어 수준
Le,9646391427,19,남,베트남,대구,예술가,1
Nguyen,3950346592,28,여,베트남,서울,유학,4
Aziz,4488336016,18,남,우즈베키스탄,부산,노동자,2
Hoang,6606253001,45,여,베트남,서울,유학,5
Enkhbayar,6966576745,18,여,몽골,대전,예술가,1
Ali,2211860896,30,남,우즈베키스탄,대전,유학,1
Supalak,0846060779,42,여,태국,울산,언어연수,1
Dilnoza,9749980751,26,남,우즈베키스탄,광주,예술가,5
Wang Fang,5465437128,55,남,중국,울산,언어연수,3
Wang Fang,6091076941,33,여,중국,서울,예술가,4
Zhang Lei,9228174159,38,여,중국,대구,언어연수,6
Grace,1752932917,21,남,필리핀,부산,언어연수,4
Grace,6144883461,38,남,필리핀,대구,노동자,2
Tsetsgee,1436997311,18,남,몽골,인천,언어연수,1
Tsetsgee,3983257796,20,여,몽골,대전,예술가,1
Gulnara,8491781144,18,여,우즈베키스탄,대전,노동자,5
Gulnara,4662399991,25,남,우즈베키스탄,대구,유학,3
Carlos,6394060361,32,남,필리핀,인천,언어연수,2
Supalak,0861001026,26,여,태국,인천,노동자,2
Grace,0986195194,32,남,필리핀,광주,언어연수,2
Rosa,1207437625,18,남,필리핀,울산,노동자,2
Anong,9141245482,41,남,태국,인천,유학,1
Narantuya,7931855656,30,여,몽골,서울,언어연수,4
Batzorig,3617253727,18,남,몽골,부산,예술가,1
Batzorig,9218747877,60,여,몽골,인천,언어연수,7
Carlos,4668407987,29,여,필리핀,울산,언어연수,4
Supalak,0897222540,45,여,태국,광주,언어연수,8
Grace,1675501391,34,남,필리핀,광주,유학,3
Jose,6152882714,37,남,필리핀,대전,노동자,3
Ali,7917947443,46,남,우즈베키스탄,서울,예술가,2
Dilnoza,4262042349,35,여,우즈베키스탄,울산,노동자,2
Enkhbayar,5665627327,44,남,몽골,광주,유학,2
Chai,2031722760,18,여,태국,대전,노동자,7
Dilnoza,7643502302,29,여,우즈베키스탄,부산,노동자,7
Maria,0508212413,54,남,필리핀,울산,유학,3
Phan,5842365139,60,여,베트남,서울,언어연수,1
Chen Jie,2506137649,58,여,중국,대전,언어연수,1
Anong,7880959145,18,남,태국,대전,언어연수,7
Rustam,3847741623,18,남,우즈베키스탄,울산,예술가,3
Zhang Lei,5137241745,59,여,중국,부산,언어연수,2
Enkhbayar,0430172883,30,남,몽골,부산,언어연수,1
Tran,3377951039,18,남,베트남,서울,유학,7
Wang Fang,3821644959,23,남,중국,대구,노동자,7
Jose,5322921647,32,남,필리핀,인천,예술가,2
Rosa,5297679708,31,여,필리핀,대전,노동자,1
Nguyen,1451305707,28,남,베트남,대구,언어연수,4
Wang Fang,6159753239,24,여,중국,울산,유학,3
Preecha,6692425725,43,여,태국,인천,유학,4
Gulnara,7237666673,32,여,우즈베키스탄,울산,노동자,1
Rustam,2410239565,37,여,우즈베키스탄,대전,언어연수,1
Batzorig,3355589578,25,여,몽골,서울,노동자,5
Zhang Lei,0672012256,23,여,중국,대전,노동자,3
Enkhbayar,7540159536,26,남,몽골,부산,언어연수,5
Gulnara,1875664953,46,남,우즈베키스탄,울산,노동자,1
Tran,3774421000,34,여,베트남,대구,예술가,1
Chai,5188487855,32,남,태국,대전,유학,3
Maria,8063375824,40,남,필리핀,부산,유학,3
Nguyen,2644316107,38,남,베트남,대구,유학,5
Carlos,0659876280,18,남,필리핀,서울,유학,1
Somchai,4814171927,18,남,태국,서울,유학,2
Phan,8685828327,18,남,베트남,대구,노동자,1
Somchai,2072371998,21,남,태국,대구,노동자,5
Supalak,6286440541,58,남,태국,부산,노동자,1
Liu Yang,6682008723,21,남,중국,인천,예술가,8
Chen Jie,5422988917,18,여,중국,대전,언어연수,9
Chen Jie,6204491467,25,여,중국,서울,언어연수,1
Aziz,1972923220,42,남,우즈베키스탄,부산,유학,1
Carlos,8174142512,42,남,필리핀,광주,유학,1
Le,0145952440,35,남,베트남,서울,예술가,1
Carlos,0768569274,39,여,필리핀,인천,언어연수,6
Chen Jie,6299496154,37,남,중국,울산,예술가,3
Enkhbayar,8777270794,46,여,몽골,서울,언어연수,4
Liu Yang,0238604972,20,여,중국,부산,언어연수,6
Le,2576354477,27,남,베트남,대구,유학,1
Bat,9125309904,18,남,몽골,대전,노동자,3
Li Wei,8889420456,22,여,중국,울산,유학,7
Li Wei,1354266806,47,남,중국,부산,유학,4
Carlos,8132825117,20,여,필리핀,서울,예술가,1
Le,0017789239,18,남,베트남,대구,예술가,1
Zhang Lei,2244539871,60,남,중국,대구,예술가,1
Aziz,6322244259,26,여,우즈베키스탄,울산,유학,6
Supalak,2163783456,45,여,태국,대전,노동자,4
Phan,8335331556,33,여,베트남,대전,유학,1
Nguyen,9287180307,27,남,베트남,울산,언어연수,3
Le,6752557150,48,여,베트남,서울,언어연수,6
Bat,7594443771,18,남,몽골,울산,유학,1
Nguyen,1820097476,40,남,베트남,울산,언어연수,6
Anong,4996704043,52,남,태국,대구,노동자,1
Enkhbayar,1277029549,35,남,몽골,광주,유학,3
Wang Fang,2235353534,24,여,중국,인천,유학,2
Wang Fang,8051406923,18,남,중국,인천,노동자,1
Rosa,6955172913,18,남,필리핀,울산,언어연수,2
Jose,4125505514,18,남,필리핀,대구,유학,1
Dilnoza,2017930787,31,남,우즈베키스탄,인천,노동자,1
Anong,7408072810,30,남,태국,울산,노동자,2
Phan,0639552391,22,남,베트남,광주,노동자,1
Li Wei,7724903365,39,여,중국,인천,노동자,6
Batzorig,6796319696,21,남,몽골,광주,유학,1
Carlos,2529392914,18,여,필리핀,광주,예술가,1
Rustam,9389369779,18,남,우즈베키스탄,서울,노동자,1
Nguyen,0072396165,60,여,베트남,서울,유학,1
Li Wei,5849278990,29,여,중국,대구,노동자,1
Anong,6480405195,21,남,태국,대구,예술가,2
Gulnara,3015374366,22,남,우즈베키스탄,울산,노동자,3
Gulnara,2858139154,23,여,우즈베키스탄,서울,언어연수,8
Tran,1518619003,22,여,베트남,광주,유학,2
Preecha,4413479502,18,여,태국,부산,유학,4
Chen Jie,4567281378,27,여,중국,서울,언어연수,6
Batzorig,5921646294,35,여,몽골,대전,예술가,3
Maria,9616875749,36,여,필리핀,서울,예술가,1
Jose,3606020909,21,여,필리핀,부산,노동자,2
Rustam,0661756483,60,남,우즈베키스탄,대전,유학,3
Aziz,4487333108,33,여,우즈베키스탄,부산,예술가,5
Somchai,8693057316,18,남,태국,광주,노동자,3
Enkhbayar,6397861144,38,여,몽골,인천,언어연수,2
Narantuya,9426266140,27,여,몽골,부산,언어연수,5
Rosa,0956122886,23,남,필리핀,광주,노동자,1
Narantuya,9840200229,18,남,몽골,인천,예술가,5
Wang Fang,2994288208,29,남,중국,서울,예술가,1
Liu Yang,2803699247,34,남,중국,대전,노동자,1
Bat,3359925493,37,남,몽골,서울,예술가,2
Zhang Lei,1493247223,30,남,중국,부산,예술가,3
Carlos,1698153980,43,남,필리핀,대전,노동자,1
Nguyen,6400926155,60,남,베트남,서울,노동자,2
Bat,6657301088,18,여,몽골,대전,예술가,4
Le,5987129646,32,남,베트남,대구,언어연수,3
Zhang Lei,2600483299,38,남,중국,부산,언어연수,1
Rosa,0158628130,34,남,필리핀,울산,노동자,7
Preecha,6047313231,18,남,태국,울산,유학,1
Chen Jie,0383485694,36,남,중국,부산,유학,2
Jose,8120503706,44,남,필리핀,대구,언어연수,4
Rosa,2665908536,37,남,필리핀,부산,노동자,1
Carlos,1448660586,39,여,필리핀,대전,노동자,2
Hoang,0186286973,34,여,베트남,대구,유학,1
Anong,3016134429,37,남,태국,대구,언어연수,5
Narantuya,8938907071,25,남,몽골,부산,노동자,1
Rosa,8501005974,32,여,필리핀,부산,언어연수,1
Dilnoza,3129886183,32,남,우즈베키스탄,대전,예술가,1
Grace,5759993306,18,남,필리핀,울산,예술가,5
Rustam,1179099624,21,여,우즈베키스탄,대전,언어연수,4
Batzorig,2210168010,37,여,몽골,울산,노동자,4
Le,0616278257,23,여,베트남,부산,예술가,2
Rosa,6454921058,40,남,필리핀,대구,유학,2
Jose,0054093303,18,남,필리핀,서울,노동자,3
Wang Fang,0249768071,20,남,중국,대구,언어연수,2
Maria,4377952980,19,남,필리핀,대구,노동자,4
Hoang,3937426733,38,남,베트남,광주,노동자,2
Chai,0840131536,21,여,태국,광주,노동자,1
Li Wei,4215020113,21,여,중국,울산,노동자,3
Chai,5624568798,44,여,태국,대구,언어연수,4
Bat,6377397908,36,남,몽골,대전,노동자,3
Maria,2582440453,18,남,필리핀,인천,언어연수,3
Supalak,1282268262,18,남,태국,광주,유학,1
Grace,6790348023,48,남,필리핀,대구,노동자,4
Batzorig,0342186766,36,여,몽골,대구,유학,2
Somchai,7968531366,24,남,태국,울산,언어연수,1
Aziz,8985876362,30,남,우즈베키스탄,서울,노동자,3
Anong,1867708492,22,남,태국,광주,노동자,2
Wang Fang,3655598889,30,여,중국,울산,언어연수,1
Tsetsgee,8027737602,33,여,몽골,울산,유학,1
Enkhbayar,0135791091,35,여,몽골,서울,노동자,5
Zhang Lei,5226122384,24,여,중국,서울,유학,4
Gulnara,5040799593,19,남,우즈베키스탄,서울,노동자,1
Tran,0390185963,18,여,베트남,인천,노동자,2
Carlos,6210487798,29,여,필리핀,부산,유학,6
Wang Fang,9697973296,20,남,중국,서울,노동자,1
Batzorig,4584179829,25,남,몽골,서울,언어연수,5
Nguyen,0525112227,24,여,베트남,대구,유학,1
Dilnoza,1405102094,29,여,우즈베키스탄,서울,예술가,2
Rosa,6029540669,29,남,필리핀,광주,예술가,1
Hoang,5784183032,34,남,베트남,광주,유학,1
Wang Fang,3008927124,18,남,중국,광주,유학,4
Somchai,8357486961,20,남,태국,광주,유학,5
Anong,5427875245,44,남,태국,서울,유학,1
Rustam,9402890323,50,여,우즈베키스탄,부산,예술가,1
Anong,6927121423,53,남,태국,서울,노동자,3
Chai,9360470367,25,남,태국,대전,노동자,3
Le,8611856025,30,여,베트남,인천,예술가,7
Liu Yang,8667527592,25,남,중국,부산,예술가,3
Ali,8150670932,37,남,우즈베키스탄,대구,언어연수,1
Enkhbayar,8753281332,38,여,몽골,인천,유학,3
Anong,0336287604,18,여,태국,대전,유학,1
Phan,7295881605,37,여,베트남,광주,언어연수,2
Liu Yang,7812007497,44,남,중국,광주,유학,1
Chai,0824326047,18,여,태국,부산,노동자,3
Hoang,9812126455,60,남,베트남,울산,언어연수,7
Chai,8159089690,22,남,태국,울산,예술가,3
Supalak,1626272786,39,남,태국,울산,언어연수,4
Le,9754543076,39,여,베트남,울산,노동자,2
Chen Jie,8259538655,27,남,중국,부산,예술가,3
Bat,2591351214,18,여,몽골,대전,유학,3
Phan,4497556644,18,여,베트남,인천,예술가,6
Preecha,0268908148,60,여,태국,인천,언어연수,3
Bat,8368935106,43,여,몽골,서울,예술가,2
Rosa,6757069495,19,여,필리핀,울산,노동자,2
Wang Fang,7485168081,42,남,중국,서울,언어연수,3
Batzorig,2331116410,49,여,몽골,대구,유학,3
Nguyen,9897995017,24,남,베트남,대구,예술가,3
Jose,2395766634,18,남,필리핀,대전,노동자,6
Maria,6393528673,37,남,필리핀,인천,노동자,6
Le,8865068301,46,남,베트남,부산,예술가,1
Chen Jie,1533290672,26,여,중국,서울,언어연수,2
Li Wei,6082690158,24,남,중국,대전,언어연수,3
Bat,3039303307,18,여,몽골,부산,노동자,1
Chai,9026245874,56,남,태국,광주,유학,2
Rustam,3908717489,18,남,우즈베키스탄,서울,유학,4
Chen Jie,9760842556,24,남,중국,대전,유학,1
Somchai,6499956018,22,여,태국,대구,유학,7
Bat,3355245910,18,여,몽골,인천,노동자,1
Le,5320067406,18,남,베트남,부산,언어연수,1
Le,2563731859,18,남,베트남,대전,유학,4
Enkhbayar,3524224525,35,남,몽골,대전,유학,2
Jose,5287960774,27,남,필리핀,울산,언어연수,2
Hoang,7893498656,34,여,베트남,부산,언어연수,5
Phan,9902945161,37,여,베트남,광주,언어연수,5
Tsetsgee,1599551895,47,여,몽골,대전,언어연수,1
Tran,9289586802,48,남,베트남,울산,노동자,10
Gulnara,8164418578,21,남,우즈베키스탄,인천,노동자,1
Bat,5179227365,36,남,몽골,광주,유학,1
Dilnoza,7961945590,22,남,우즈베키스탄,울산,유학,5
Rustam,0972478530,32,남,우즈베키스탄,울산,노동자,6
Le,6427110285,35,여,베트남,인천,노동자,4
Tsetsgee,8895153556,38,여,몽골,서울,예술가,3
Phan,5483099368,30,남,베트남,부산,언어연수,2
Phan,2018562657,33,여,베트남,대전,유학,1
Jose,7356307505,34,여,필리핀,대구,언어연수,1
Gulnara,2550768617,37,여,우즈베키스탄,서울,유학,1
Supalak,8148363168,50,여,태국,서울,노동자,1
Aziz,0770389488,33,남,우즈베키스탄,대구,언어연수,1
Rosa,8411816856,29,남,필리핀,대구,노동자,5
Phan,1849670028,42,남,베트남,대전,언어연수,8
Chai,0790450997,18,남,태국,대전,유학,5
Chen Jie,1901942121,31,남,중국,광주,언어연수,4
Chai,8824260621,18,남,태국,서울,유학,1
Ali,7789443050,39,남,우즈베키스탄,부산,언어연수,6
Enkhbayar,1256620396,21,여,몽골,울산,노동자,3
Anong,0133635494,18,여,태국,인천,예술가,7
Supalak,6557266596,23,여,태국,울산,유학,2
Supalak,7401042410,18,남,태국,인천,노동자,3
Batzorig,1257713021,18,남,몽골,대구,노동자,4
Maria,8232350630,25,남,필리핀,인천,노동자,3
Enkhbayar,8642903880,18,남,몽골,울산,언어연수,6
Liu Yang,5235225434,28,남,중국,인천,유학,3
Nguyen,0671894481,18,여,베트남,울산,언어연수,4
Anong,4920504482,44,남,태국,대구,노동자,5
Tsetsgee,4255862527,40,남,몽골,광주,언어연수,1
Tran,9248387485,34,남,베트남,인천,언어연수,5
Bat,9488427812,30,남,몽골,서울,언어연수,4
Carlos,5253075862,33,여,필리핀,서울,유학,4
Aziz,9176082337,37,남,우즈베키스탄,광주,유학,3
Enkhbayar,7474798507,31,남,몽골,인천,예술가,3
Supalak,4733902201,18,여,태국,부산,노동자,1
Tran,2973622586,28,여,베트남,대구,언어연수,3
Aziz,1885390342,18,남,우즈베키스탄,광주,언어연수,2
Narantuya,7090484145,53,남,몽골,인천,언어연수,1
Preecha,0226140939,27,남,태국,부산,노동자,1
Chen Jie,8499686786,32,남,중국,부산,예술가,3
Chai,9641552639,35,남,태국,광주,예술가,1
Anong,9277491208,20,여,태국,서울,유학,2
Wang Fang,7888761290,18,여,중국,부산,예술가,5
Narantuya,8241269111,44,여,몽골,대구,언어연수,2
Enkhbayar,8772687972,43,여,몽골,울산,언어연수,5
Somchai,3091800653,28,남,태국,광주,언어연수,2
Gulnara,9774146109,60,여,우즈베키스탄,광주,노동자,1
Jose,9487240256,46,남,필리핀,부산,예술가,1
Preecha,1404372623,54,여,태국,울산,예술가,4
Aziz,0966958072,25,남,우즈베키스탄,광주,예술가,2
Preecha,7129503229,25,여,태국,대구,언어연수,1
Li Wei,2183095721,47,남,중국,광주,유학,3
Jose,1442253656,43,여,필리핀,광주,예술가,4
Tsetsgee,4038453112,29,여,몽골,광주,노동자,2
Enkhbayar,2879053327,42,남,몽골,광주,언어연수,3
Ali,1715633200,29,여,우즈베키스탄,광주,노동자,1
Grace,1190288033,46,여,필리핀,울산,노동자,6
Batzorig,6657907149,20,남,몽골,대전,유학,5
Dilnoza,5950838185,42,여,우즈베키스탄,인천,예술가,5
Rustam,3377188321,18,여,우즈베키스탄,부산,유학,1
Phan,3130459235,44,여,베트남,인천,예술가,3
Liu Yang,0896926149,43,여,중국,인천,유학,1
Gulnara,4517374071,25,남,우즈베키스탄,대구,예술가,1
Jose,0875053490,43,여,필리핀,대전,예술가,1
Carlos,5621466059,18,여,필리핀,부산,유학,3
Maria,8760048010,24,남,필리핀,광주,유학,1
Wang Fang,5106872631,24,남,중국,대구,유학,1
Preecha,3349515939,36,남,태국,대전,유학,1
Wang Fang,7388780276,53,여,중국,대구,노동자,3
Grace,0194077723,18,여,필리핀,광주,예술가,1
Dilnoza,8787347715,21,여,우즈베키스탄,대구,언어연수,2
Enkhbayar,5701316591,40,여,몽골,광주,유학,3
Carlos,2299322631,28,여,필리핀,대구,언어연수,1
Carlos,1096564711,42,남,필리핀,대전,노동자,4
Dilnoza,3179595814,27,여,우즈베키스탄,대구,예술가,1
Dilnoza,5922675416,25,남,우즈베키스탄,부산,노동자,2
Carlos,9978869594,42,남,필리핀,광주,노동자,4
Rustam,4694242523,27,여,우즈베키스탄,대구,노동자,4
Enkhbayar,9480408529,18,남,몽골,광주,노동자,1
Tran,0304438228,60,남,베트남,서울,노동자,4
Maria,5815744886,44,여,필리핀,서울,예술가,6
Tran,8310789323,50,여,베트남,울산,언어연수,7
Liu Yang,2380992442,47,남,중국,서울,노동자,5
Nguyen,0145241390,35,여,베트남,대전,유학,5
Jose,3323865790,22,남,필리핀,서울,언어연수,7
Chen Jie,8636102415,60,여,중국,울산,예술가,5
Hoang,1846077873,18,남,베트남,부산,언어연수,5
Bat,5773589035,38,여,몽골,대전,유학,3
Grace,4413400808,18,남,필리핀,대구,언어연수,2
Batzorig,5778429345,36,여,몽골,대구,언어연수,2
Grace,1897835317,33,여,필리핀,울산,언어연수,1
Anong,8629268693,30,남,태국,인천,유학,1
Narantuya,1503685718,18,여,몽골,대구,노동자,1
Rustam,8957605114,37,여,우즈베키스탄,서울,언어연수,1
Anong,9405647379,20,남,태국,부산,언어연수,2
Chen Jie,4512457806,32,남,중국,서울,언어연수,3
Enkhbayar,5253017398,48,남,몽골,서울,유학,1
Jose,6763630554,18,여,필리핀,인천,예술가,1
Preecha,1411851083,22,여,태국,대구,유학,2
Nguyen,6071293412,24,여,베트남,광주,노동자,1
Phan,7047951887,18,남,베트남,인천,예술가,4
Narantuya,0625761142,54,남,몽골,부산,예술가,1
Liu Yang,5621119327,18,여,중국,서울,유학,3
Phan,6736235825,54,남,베트남,인천,언어연수,3
Gulnara,8089063298,31,남,우즈베키스탄,광주,노동자,4
Dilnoza,4086825306,40,여,우즈베키스탄,부산,유학,1
Narantuya,2239190793,20,남,몽골,부산,유학,3
Narantuya,7725116202,53,여,몽골,대전,유학,4
Chen Jie,4107087185,31,남,중국,부산,언어연수,1
Le,6310395796,29,남,베트남,부산,언어연수,6
Zhang Lei,2715785438,47,남,중국,부산,유학,4
Gulnara,1752900867,48,여,우즈베키스탄,서울,노동자,5
Anong,2605498959,18,남,태국,광주,유학,2
Grace,2501044117,26,여,필리핀,서울,언어연수,1
Chen Jie,4474987521,22,여,중국,서울,유학,5
Preecha,3705001536,18,여,태국,서울,노동자,5
Bat,1526889605,27,여,몽골,서울,예술가,4
Dilnoza,8645895902,42,여,우즈베키스탄,부산,예술가,2
Grace,5681147757,42,여,필리핀,인천,예술가,4
Enkhbayar,4780708154,42,남,몽골,인천,예술가,2
Tsetsgee,7805764238,34,남,몽골,광주,언어연수,5
Tsetsgee,5335731511,40,여,몽골,인천,유학,3
Tsetsgee,9851994334,39,남,몽골,울산,언어연수,4
Somchai,8670265902,27,여,태국,광주,유학,4
Le,2534384884,18,여,베트남,울산,언어연수,1
Tran,1096437515,19,남,베트남,인천,예술가,3
Bat,8367256529,37,여,몽골,대구,예술가,4
Tran,3533237528,20,남,베트남,인천,노동자,1
Zhang Lei,6193549860,18,남,중국,서울,언어연수,1
Jose,5020635693,37,여,필리핀,대전,언어연수,1
Phan,6791203033,26,남,베트남,인천,노동자,1
Nguyen,4298020058,35,여,베트남,대전,언어연수,5
Tsetsgee,0699900612,33,여,몽골,부산,노동자,2
Gulnara,5796102459,29,남,우즈베키스탄,대구,유학,1
Anong,9062959016,27,여,태국,울산,유학,1
Narantuya,3135472509,51,여,몽골,울산,노동자,4
Tran,8748406674,18,남,베트남,부산,언어연수,2
Rustam,0132090914,34,남,우즈베키스탄,서울,언어연수,1
Enkhbayar,3423993981,18,여,몽골,대구,예술가,1
Batzorig,1421429088,43,남,몽골,서울,예술가,1
Tran,0120153712,24,남,베트남,울산,언어연수,1
Liu Yang,4524716235,36,여,중국,인천,언어연수,4
Le,8263570905,52,남,베트남,대구,예술가,1
Preecha,1413298646,26,여,태국,부산,노동자,4
Ali,2705795434,32,여,우즈베키스탄,대전,유학,2
Aziz,6751285890,49,여,우즈베키스탄,대전,예술가,1
Rosa,2634709446,34,여,필리핀,대전,유학,3
Maria,0639108186,21,여,필리핀,대구,노동자,2
Le,6197644412,18,남,베트남,광주,언어연수,6
Maria,2587371706,35,여,필리핀,대전,노동자,1
Li Wei,6046084316,27,남,중국,부산,유학,2
Le,0030404549,32,여,베트남,울산,언어연수,5
Grace,5697506645,18,남,필리핀,대구,유학,4
Aziz,2152431613,18,남,우즈베키스탄,서울,언어연수,2
Le,9656914669,18,남,베트남,울산,노동자,1
Le,7983206100,22,여,베트남,대구,언어연수,1
Maria,1503383828,28,남,필리핀,울산,예술가,3
Zhang Lei,8622565503,39,남,중국,대전,예술가,3
Preecha,2348892152,30,남,태국,서울,유학,1
Chen Jie,3781427432,21,여,중국,서울,언어연수,1
Rustam,9482342714,46,여,우즈베키스탄,대전,언어연수,2
Preecha,1763138077,30,남,태국,울산,언어연수,5
Le,5854825079,46,여,베트남,대전,노동자,2
Aziz,6078107409,22,남,우즈베키스탄,서울,노동자,1
Maria,0836043982,18,여,필리핀,인천,유학,9
Rustam,7373934350,30,여,우즈베키스탄,광주,예술가,1
Batzorig,0334485159,40,남,몽골,대구,유학,2
Rustam,6566964002,50,여,우즈베키스탄,인천,노동자,3
Le,0126931825,33,남,베트남,대구,유학,1
Somchai,0048502414,23,여,태국,광주,예술가,3
Tsetsgee,1072312513,21,남,몽골,서울,유학,4
Li Wei,8777646511,30,남,중국,인천,노동자,3
Somchai,1635990929,18,남,태국,부산,유학,3
Liu Yang,1879065191,52,남,중국,대구,유학,4
Wang Fang,1934893935,30,남,중국,부산,언어연수,2
Chen Jie,5162543791,38,남,중국,울산,언어연수,5
Tran,0333283225,22,여,베트남,대전,언어연수,1
Bat,1273048663,28,남,몽골,광주,유학,3
Tsetsgee,6239208852,32,남,몽골,울산,언어연수,3
Narantuya,7752658379,18,남,몽골,인천,언어연수,1
Batzorig,9629185168,18,남,몽골,대전,예술가,8
Narantuya,7036479228,41,남,몽골,대구,노동자,1
Tsetsgee,6105792416,18,여,몽골,대구,노동자,1
Liu Yang,9003323083,18,남,중국,서울,예술가,3
Phan,8671923536,24,남,베트남,부산,언어연수,1
Maria,7622072591,24,여,필리핀,인천,유학,4
Batzorig,3895185258,18,남,몽골,광주,노동자,3
Tran,9159877389,38,여,베트남,광주,언어연수,2
Jose,0244510013,33,여,필리핀,대전,언어연수,6
Tsetsgee,9596714762,47,여,몽골,서울,언어연수,3
Li Wei,5701082467,20,여,중국,대전,언어연수,4
Liu Yang,0812275427,33,남,중국,서울,언어연수,1
Aziz,3390889935,42,여,우즈베키스탄,대구,노동자,1
Enkhbayar,6876071349,34,여,몽골,울산,예술가,3
Preecha,5452114233,18,남,태국,대구,언어연수,4
Gulnara,3160866345,22,여,우즈베키스탄,대구,유학,5
Phan,7355843355,34,남,베트남,대전,언어연수,2
Gulnara,2593760167,22,남,우즈베키스탄,대구,언어연수,1
Le,9760148554,18,여,베트남,인천,언어연수,3
Anong,9032465104,44,남,태국,인천,노동자,1
Jose,1642176408,35,여,필리핀,울산,노동자,4
Aziz,4059996326,24,남,우즈베키스탄,울산,유학,7
Zhang Lei,8368920107,44,남,중국,울산,유학,1
Chai,8587922357,32,여,태국,인천,유학,1
Jose,6977877557,43,남,필리핀,광주,언어연수,1
Somchai,7877044486,34,여,태국,대구,예술가,4
Rosa,9009231263,29,남,필리핀,대전,언어연수,3
Rustam,9981064599,36,남,우즈베키스탄,대전,언어연수,4
Tran,7050271465,41,남,베트남,부산,언어연수,1
Dilnoza,9407316705,38,여,우즈베키스탄,부산,노동자,3
Enkhbayar,9711409610,42,여,몽골,인천,노동자,1
Hoang,3735391529,18,남,베트남,광주,노동자,2
Wang Fang,6219465164,28,여,중국,울산,언어연수,5
Hoang,3292535668,32,남,베트남,대구,노동자,1
Maria,1599528016,35,남,필리핀,부산,유학,4
Carlos,0699790215,46,여,필리핀,대구,언어연수,5
Preecha,5054242348,36,남,태국,부산,노동자,1
Maria,7858269487,18,여,필리핀,인천,언어연수,2
Tran,9450325427,27,남,베트남,대전,언어연수,3
Grace,6908102600,44,남,필리핀,대구,유학,1
Gulnara,1551582141,28,남,우즈베키스탄,대전,예술가,3
Phan,2019142985,43,여,베트남,서울,노동자,1
Chai,2794442688,34,여,태국,인천,유학,5
Chen Jie,9721016993,18,여,중국,인천,노동자,3
Gulnara,2971354979,40,남,우즈베키스탄,인천,노동자,3
Aziz,1304458768,30,남,우즈베키스탄,울산,노동자,1
Anong,0001110937,50,여,태국,광주,언어연수,1
Rustam,2380227987,39,여,우즈베키스탄,인천,노동자,2
Tran,5499291860,39,여,베트남,서울,유학,3
Grace,9070394926,18,여,필리핀,인천,언어연수,1
Aziz,3006197370,33,남,우즈베키스탄,울산,예술가,2
Rustam,2802308246,48,여,우즈베키스탄,부산,유학,3
Tran,2167919648,30,여,베트남,광주,언어연수,7
Liu Yang,6161891152,27,여,중국,인천,유학,6
Chen Jie,7619722444,25,여,중국,광주,예술가,1
Carlos,7738661086,18,여,필리핀,인천,유학,2
Narantuya,9321522770,18,남,몽골,부산,노동자,4
Rosa,7621260973,28,남,필리핀,대구,노동자,6
Wang Fang,3856879924,18,여,중국,인천,예술가,5
Tran,5808917150,46,남,베트남,서울,유학,2
Rustam,7942351233,18,남,우즈베키스탄,대구,예술가,2
Jose,2189845779,57,남,필리핀,울산,언어연수,7
Zhang Lei,1388115783,33,여,중국,광주,언어연수,2
Liu Yang,8872648020,25,남,중국,울산,유학,3
Enkhbayar,0915036390,21,여,몽골,대구,언어연수,4
Tsetsgee,7921586402,29,남,몽골,서울,언어연수,2
Tsetsgee,6699946849,29,남,몽골,울산,예술가,1
Phan,3217263625,39,여,베트남,대구,예술가,4
Narantuya,7882747044,34,남,몽골,인천,노동자,1
Narantuya,2849319021,55,남,몽골,서울,유학,4
Liu Yang,0174555743,37,남,중국,광주,노동자,4
Narantuya,9821581169,18,여,몽골,울산,유학,1
Nguyen,1737205888,30,남,베트남,대전,노동자,1
Nguyen,2562771929,18,여,베트남,울산,노동자,1
Anong,6987224703,47,남,태국,부산,유학,1
Tsetsgee,6763123399,18,여,몽골,대전,예술가,1
Chai,2356075988,32,남,태국,부산,언어연수,3
Gulnara,6918628999,32,여,우즈베키스탄,대구,예술가,4
Preecha,7755721613,31,남,태국,부산,유학,6
Narantuya,4432536370,34,여,몽골,대구,유학,8
Gulnara,7145415429,40,남,우즈베키스탄,대구,노동자,7
Grace,9978514435,34,남,필리핀,서울,노동자,4
Zhang Lei,3544938152,40,남,중국,대구,언어연수,1
Rosa,4308302437,25,남,필리핀,부산,예술가,4
Le,9445813896,18,남,베트남,부산,예술가,4
Tsetsgee,5551487395,26,여,몽골,대구,언어연수,1
Chai,5932007262,22,남,태국,울산,노동자,4
Le,4765253394,18,남,베트남,대구,노동자,4
Le,7627380560,33,남,베트남,서울,유학,2
Narantuya,1587704666,25,남,몽골,대전,언어연수,3
Li Wei,4841407812,20,남,중국,대전,예술가,2
Aziz,7803138212,27,여,우즈베키스탄,광주,예술가,4
Wang Fang,4867363507,52,남,중국,대전,예술가,1
Carlos,7204359385,37,남,필리핀,서울,유학,5
Batzorig,6086127560,37,남,몽골,대전,노동자,3
Supalak,1929007778,22,남,태국,울산,유학,1
Liu Yang,0011908978,47,남,중국,인천,노동자,1
Chai,1402390493,19,남,태국,서울,예술가,5
Carlos,0788069922,42,남,필리핀,대전,유학,1
Zhang Lei,2022863362,35,남,중국,광주,유학,5
Anong,4346240660,45,남,태국,울산,유학,9
Batzorig,3977082413,18,여,몽골,부산,유학,1
Jose,8538507975,19,남,필리핀,울산,유학,4
Tran,8429317171,18,남,베트남,광주,노동자,2
Aziz,1714952325,40,여,우즈베키스탄,대전,예술가,4
Liu Yang,7384704826,22,여,중국,광주,노동자,5
Rustam,7785512780,27,남,우즈베키스탄,인천,예술가,4
Narantuya,4218227667,18,남,몽골,부산,노동자,1
Wang Fang,8861886161,23,여,중국,울산,노동자,2
Enkhbayar,8918584473,23,남,몽골,대구,언어연수,6
Le,5890165466,44,여,베트남,부산,유학,1
Preecha,7613840322,43,남,태국,대전,예술가,3
Tran,3831394329,18,여,베트남,부산,유학,1
Phan,0207402716,33,여,베트남,대전,유학,1
Jose,8168070597,52,남,필리핀,대구,유학,2
Phan,8700635288,27,남,베트남,인천,유학,2
Bat,4009665802,36,여,몽골,인천,언어연수,3
Hoang,9467239990,39,남,베트남,인천,예술가,4
Tsetsgee,3163655292,18,여,몽골,인천,언어연수,2
Le,9784098715,18,여,베트남,광주,유학,3
Le,9290082230,28,남,베트남,부산,유학,1
Jose,0134312314,29,남,필리핀,서울,언어연수,5
Somchai,3094637059,27,여,태국,서울,예술가,2
Enkhbayar,2978153587,44,남,몽골,광주,노동자,1
Gulnara,3490941780,36,남,우즈베키스탄,울산,노동자,2
Chen Jie,5698633746,23,여,중국,대전,예술가,1
Zhang Lei,2999294466,18,남,중국,인천,언어연수,1
Somchai,1087803050,33,남,태국,울산,유학,1
Enkhbayar,3598529701,33,남,몽골,울산,예술가,2
Tsetsgee,4482413969,36,남,몽골,대구,유학,3
Maria,3809829570,37,여,필리핀,인천,노동자,7
Li Wei,1573586669,60,남,중국,울산,유학,1
Batzorig,8077295587,36,남,몽골,대전,유학,2
Hoang,3785569794,24,남,베트남,울산,언어연수,1
Liu Yang,3930459387,18,남,중국,서울,노동자,3
Rustam,6925271767,26,여,우즈베키스탄,울산,노동자,1
Grace,1839817268,25,여,필리핀,대구,예술가,4
Rustam,9841007555,35,여,우즈베키스탄,광주,노동자,5
Batzorig,6735582052,45,남,몽골,울산,언어연수,8
Enkhbayar,5965884145,47,남,몽골,대전,유학,5
Ali,7790522675,38,남,우즈베키스탄,울산,언어연수,4
Li Wei,5063261556,42,여,중국,인천,예술가,2
Jose,5958334501,18,남,필리핀,대전,노동자,3
Narantuya,1268498481,20,여,몽골,대전,언어연수,2
Chen Jie,5901138755,37,여,중국,대전,유학,1
Enkhbayar,7689761914,28,여,몽골,대전,유학,2
Zhang Lei,6072303515,33,여,중국,대전,노동자,3
Maria,6186469667,42,여,필리핀,서울,유학,3
Zhang Lei,6581914327,18,남,중국,인천,유학,1
Jose,0183279050,32,여,필리핀,대구,예술가,3
Nguyen,6268863832,46,여,베트남,대전,언어연수,4
Le,9251187149,18,여,베트남,대구,유학,1
Chen Jie,6033437692,54,남,중국,서울,노동자,3
Li Wei,6711429477,18,남,중국,대전,노동자,3
Dilnoza,7779246686,24,남,우즈베키스탄,인천,유학,2
Preecha,6937133094,31,여,태국,서울,언어연수,3
Maria,0450918884,37,여,필리핀,광주,노동자,2
Somchai,7789593923,19,여,태국,광주,언어연수,1
Bat,2475755920,19,여,몽골,서울,예술가,4
Tran,4473394282,59,여,베트남,서울,유학,3
Narantuya,1353327614,29,여,몽골,대전,노동자,1
Batzorig,0282752011,19,남,몽골,광주,유학,4
Rustam,5434400635,37,여,우즈베키스탄,대전,유학,2
Li Wei,2527597180,42,남,중국,울산,예술가,2
Zhang Lei,5967918203,33,남,중국,울산,유학,1
Enkhbayar,3873754455,31,여,몽골,부산,예술가,1
Jose,2416076847,29,여,필리핀,대전,노동자,4
Carlos,9549062972,36,남,필리핀,대전,예술가,1
Supalak,7049413941,36,여,태국,광주,유학,1
Batzorig,2473839316,32,여,몽골,서울,유학,4
Liu Yang,6447335140,44,여,중국,울산,유학,4
Nguyen,2405943241,42,여,베트남,서울,언어연수,7
Anong,8401212581,36,여,태국,울산,유학,3
Rosa,9857414799,18,여,필리핀,인천,유학,1
Somchai,4704079316,26,남,태국,서울,언어연수,1
Grace,8791233141,44,여,필리핀,부산,유학,1
Preecha,3535066862,28,여,태국,대구,예술가,1
Anong,0638345607,40,남,태국,서울,유학,6
Preecha,4227899078,39,여,태국,울산,노동자,4
Zhang Lei,8136755162,59,여,중국,인천,언어연수,2
Ali,8269532461,20,여,우즈베키스탄,대구,유학,1
Tsetsgee,4069998455,32,남,몽골,서울,예술가,4
Gulnara,1887218081,18,여,우즈베키스탄,인천,유학,2
Nguyen,4607562237,33,남,베트남,울산,예술가,1
Chai,0498969776,55,여,태국,대구,노동자,1
Phan,4131934562,34,남,베트남,대구,예술가,4
Chen Jie,2492115951,18,남,중국,대전,예술가,5
Tsetsgee,3806965757,28,여,몽골,인천,언어연수,3
Preecha,7956832220,28,여,태국,서울,예술가,2
Grace,3976080058,23,여,필리핀,울산,노동자,3
Somchai,4335284815,41,여,태국,부산,유학,5
Bat,2269010872,30,여,몽골,대구,예술가,1
Grace,4889919544,37,남,필리핀,대전,언어연수,2
Dilnoza,9313313041,18,남,우즈베키스탄,부산,예술가,4
Chen Jie,1224769808,30,여,중국,부산,예술가,1
Ali,8615553018,35,여,우즈베키스탄,울산,예술가,2
Rosa,2275741127,56,남,필리핀,서울,언어연수,3
Jose,8067011073,21,여,필리핀,광주,유학,1
Bat,5986648013,43,여,몽골,서울,유학,1
Li Wei,1105597782,27,여,중국,인천,유학,1
Gulnara,6903878373,21,여,우즈베키스탄,대전,유학,2
Aziz,6995223309,18,남,우즈베키스탄,대전,유학,3
Li Wei,4436250533,46,여,중국,서울,노동자,3
Anong,0838931187,35,여,태국,서울,유학,4
Ali,3918642463,18,여,우즈베키스탄,인천,노동자,1
Le,1297345286,33,여,베트남,대전,노동자,3
Dilnoza,1294216747,34,여,우즈베키스탄,광주,유학,3
Ali,0836203442,22,남,우즈베키스탄,인천,예술가,4
Preecha,5220557836,24,여,태국,울산,예술가,1
Nguyen,6381033446,54,남,베트남,광주,노동자,2
Tran,0670025157,18,남,베트남,광주,유학,2
Rustam,8320458531,24,여,우즈베키스탄,서울,노동자,2
Tsetsgee,8919853460,36,여,몽골,광주,언어연수,1
Chai,8589039161,18,남,태국,광주,예술가,3
Li Wei,8534542352,39,남,중국,대구,유학,2
Dilnoza,8334541709,18,여,우즈베키스탄,인천,노동자,1
Wang Fang,1166087344,20,남,중국,광주,언어연수,2
Ali,7881793276,40,남,우즈베키스탄,대전,유학,2
Jose,2436435203,18,남,필리핀,인천,유학,2
Narantuya,1423515219,47,남,몽골,울산,예술가,5
Somchai,0424875204,30,여,태국,울산,예술가,2
Supalak,4217618165,25,여,태국,인천,언어연수,3
Li Wei,7200474620,18,여,중국,광주,언어연수,1
Supalak,6303995465,53,남,태국,대전,예술가,3
Enkhbayar,3219455604,35,남,몽골,대전,언어연수,4
Liu Yang,7872652856,43,여,중국,부산,노동자,2
Carlos,9550770045,21,여,필리핀,대전,예술가,5
Rustam,4051837290,18,남,우즈베키스탄,광주,예술가,5
Rustam,4415035096,32,남,우즈베키스탄,서울,예술가,1
Liu Yang,9791149642,18,여,중국,광주,예술가,5
Chai,9848841937,26,남,태국,광주,예술가,4
Ali,4306560533,18,여,우즈베키스탄,대구,노동자,1
Somchai,1129440309,19,남,태국,대전,유학,1
Preecha,0205052986,34,여,태국,부산,노동자,4
Rosa,1228167500,33,여,필리핀,서울,유학,2
Carlos,2843387382,41,남,필리핀,울산,노동자,1
Li Wei,5059731661,18,여,중국,광주,노동자,8
Wang Fang,8805767640,28,여,중국,광주,노동자,1
Chai,2973901000,29,남,태국,대전,유학,4
Chai,4578110142,23,여,태국,대전,언어연수,2
Hoang,0968193008,18,남,베트남,대전,유학,2
Somchai,6534297872,49,남,태국,서울,언어연수,2
Liu Yang,2630871177,18,여,중국,대구,언어연수,3
Bat,6930251401,18,여,몽골,울산,유학,1
Rustam,8435743443,24,여,우즈베키스탄,부산,예술가,1
Bat,6240394734,41,여,몽골,광주,유학,1
Zhang Lei,0220978910,35,여,중국,대구,언어연수,2
Enkhbayar,9819077184,18,여,몽골,부산,노동자,4
Wang Fang,1009688042,31,남,중국,울산,예술가,1
Grace,6856487414,25,여,필리핀,서울,노동자,4
Nguyen,9819032436,34,여,베트남,인천,예술가,5
Phan,2985118063,26,여,베트남,울산,유학,5
Jose,7144626922,26,남,필리핀,대구,유학,1
Narantuya,1338707617,18,남,몽골,광주,노동자,1
Jose,4244750101,36,남,필리핀,인천,언어연수,1
Dilnoza,7332373991,32,남,우즈베키스탄,대전,예술가,1
Grace,5293472814,18,남,필리핀,울산,언어연수,1
Hoang,3390579241,26,남,베트남,대구,노동자,1
Chai,4883921814,38,여,태국,대전,예술가,4
Le,3527613227,37,남,베트남,대구,노동자,2
Jose,1358202033,44,여,필리핀,대구,예술가,7
Carlos,0091535705,52,여,필리핀,울산,언어연수,2
Chai,3834565160,24,여,태국,서울,유학,3
Narantuya,7784311902,37,남,몽골,울산,예술가,2
Enkhbayar,6028598862,29,여,몽골,울산,유학,3
Chen Jie,3438487024,44,남,중국,대구,유학,1
Rustam,3365680116,25,남,우즈베키스탄,인천,예술가,3
Nguyen,7908021976,30,남,베트남,서울,유학,2
Carlos,5866786623,28,남,필리핀,대전,유학,2
Le,9119382785,28,남,베트남,부산,노동자,5
Supalak,1122998874,27,남,태국,서울,예술가,7
Wang Fang,3947470432,18,남,중국,대전,예술가,1
Anong,3169786732,18,남,태국,서울,유학,2
Ali,8982340090,18,여,우즈베키스탄,울산,언어연수,3
Enkhbayar,3015748455,18,여,몽골,광주,노동자,2
Ali,1173325282,27,남,우즈베키스탄,광주,언어연수,3
Batzorig,5606121695,41,남,몽골,부산,유학,4
Zhang Lei,4380964528,47,남,중국,광주,유학,2
Narantuya,6196250176,47,남,몽골,서울,언어연수,3
Preecha,7435255757,18,여,태국,인천,노동자,3
Carlos,6479921826,18,남,필리핀,부산,유학,2
Jose,9112360080,35,여,필리핀,부산,노동자,6
Ali,0955027520,23,남,우즈베키스탄,대구,유학,2
Le,5193871637,27,남,베트남,대구,언어연수,5
Hoang,4738899598,32,남,베트남,서울,예술가,1
Chen Jie,1515899801,43,여,중국,울산,노동자,4
Chai,3448702469,58,여,태국,광주,유학,5
Carlos,6115939288,18,여,필리핀,대전,유학,1
Batzorig,1588915958,36,여,몽골,대전,유학,1
Aziz,2936412745,35,남,우즈베키스탄,서울,유학,3
Rosa,7010053340,28,여,필리핀,서울,유학,4
Preecha,0819564421,18,남,태국,울산,예술가,5
Hoang,6057364635,18,남,베트남,대구,언어연수,2
Narantuya,0256038369,40,남,몽골,울산,유학,2
Wang Fang,1537963708,19,여,중국,서울,예술가,4
Grace,2516193194,40,여,필리핀,서울,노동자,2
Aziz,9580837987,29,남,우즈베키스탄,울산,노동자,1
Jose,4297111521,43,남,필리핀,서울,유학,3
Dilnoza,6749461158,32,남,우즈베키스탄,울산,예술가,1
Somchai,5363081817,30,남,태국,광주,노동자,1
Tran,0073448194,20,여,베트남,대전,언어연수,2
Batzorig,5745892140,27,남,몽골,서울,유학,4
Jose,1674047617,40,여,필리핀,대구,노동자,4
Ali,7743581484,33,남,우즈베키스탄,인천,예술가,2
Li Wei,8151832736,23,남,중국,대전,노동자,3
Supalak,9935749068,18,여,태국,울산,노동자,7
Chen Jie,5731357391,33,남,중국,서울,예술가,5
Anong,8452566309,54,여,태국,대구,언어연수,1
Grace,3651025323,24,남,필리핀,인천,유학,1
Hoang,5867146212,18,남,베트남,광주,언어연수,1
Carlos,7518986344,60,남,필리핀,대전,예술가,3
Bat,7842164611,38,여,몽골,인천,유학,5
Li Wei,9859704069,25,남,중국,인천,예술가,1
Preecha,2489137244,20,여,태국,광주,유학,1
Ali,8905031455,18,남,우즈베키스탄,대전,유학,1
Nguyen,8888673542,22,여,베트남,대구,예술가,4
Maria,8207746364,25,여,필리핀,부산,언어연수,2
Li Wei,4421941646,25,남,중국,대구,노동자,4
Enkhbayar,3337891696,25,남,몽골,서울,유학,1
Chen Jie,3482168742,30,남,중국,대전,언어연수,1
Li Wei,1518870795,46,남,중국,울산,언어연수,4
Batzorig,8296067242,18,남,몽골,서울,노동자,1
Aziz,2716535259,18,여,우즈베키스탄,울산,언어연수,4
Ali,2883352406,40,여,우즈베키스탄,울산,예술가,1
Chen Jie,2691676511,25,남,중국,대구,노동자,4
Zhang Lei,7031736070,18,남,중국,부산,노동자,3
Dilnoza,4101998153,56,여,우즈베키스탄,울산,예술가,2
Aziz,5416458438,21,남,우즈베키스탄,부산,노동자,1
Le,2168132208,44,남,베트남,대전,유학,4
Gulnara,3179293014,23,여,우즈베키스탄,서울,언어연수,3
Aziz,0458940312,35,여,우즈베키스탄,인천,언어연수,1
Maria,8462972155,27,여,필리핀,서울,노동자,2
Ali,6396390137,47,여,우즈베키스탄,부산,언어연수,1
Tran,7784570191,23,여,베트남,부산,노동자,5
Aziz,4333435598,32,남,우즈베키스탄,울산,유학,1
Grace,1662761084,18,남,필리핀,울산,언어연수,2
Batzorig,7634684011,32,남,몽골,인천,언어연수,5
Le,6307686913,35,여,베트남,대전,예술가,6
Anong,3626839808,46,여,태국,서울,유학,4
Ali,6108983733,18,여,우즈베키스탄,광주,언어연수,2
Dilnoza,4870107052,52,여,우즈베키스탄,광주,예술가,3
Nguyen,1625812079,37,여,베트남,대구,노동자,3
Le,3989391669,18,남,베트남,서울,노동자,4
Ali,8426465635,18,남,우즈베키스탄,인천,예술가,1
Wang Fang,1985430721,27,여,중국,서울,예술가,1
Bat,1016921950,18,남,몽골,울산,예술가,3
Tran,0157622882,32,남,베트남,인천,유학,2
Rustam,3051296782,44,여,우즈베키스탄,인천,유학,2
Zhang Lei,1094749170,30,남,중국,광주,노동자,2
Le,0779490079,31,남,베트남,광주,언어연수,6
Bat,3413143127,25,남,몽골,대구,예술가,1
Bat,0499047813,29,여,몽골,대구,언어연수,1
Rustam,5968263013,30,남,우즈베키스탄,부산,예술가,3
Somchai,8953804315,36,남,태국,울산,노동자,1
Aziz,9374938886,29,남,우즈베키스탄,울산,노동자,1
Somchai,1395372530,34,여,태국,인천,노동자,3
Anong,2569682347,46,남,태국,대전,유학,1
Preecha,0841813280,23,여,태국,서울,예술가,1
Rustam,0266201093,21,여,우즈베키스탄,울산,언어연수,4
Anong,9782825323,41,여,태국,대구,유학,1
Nguyen,6437166535,24,여,베트남,울산,예술가,1
Preecha,2391323425,28,여,태국,광주,언어연수,1
Somchai,8770474918,38,남,태국,대전,유학,4
Hoang,2629021807,46,여,베트남,대전,노동자,4
Wang Fang,0814900276,41,남,중국,울산,노동자,6
Li Wei,7906800934,45,여,중국,서울,예술가,1
Chai,3099705655,18,여,태국,인천,예술가,1
Grace,4364256975,35,남,필리핀,광주,언어연수,2
Ali,6129096456,29,여,우즈베키스탄,대구,언어연수,4
Somchai,2920887431,23,남,태국,대전,노동자,3
Anong,2643642937,18,남,태국,광주,노동자,7
Enkhbayar,3810232068,18,여,몽골,대구,예술가,3
Jose,6897194959,28,남,필리핀,서울,예술가,1
Somchai,0882034674,43,남,태국,대전,예술가,2
Carlos,8512338829,36,여,필리핀,대구,유학,1
Supalak,2986434756,33,남,태국,부산,언어연수,1
Enkhbayar,8517933250,18,여,몽골,부산,노동자,3
Tran,6965586230,43,여,베트남,대구,언어연수,1
Aziz,0423749278,20,여,우즈베키스탄,대전,유학,4
Somchai,3777054223,45,남,태국,부산,노동자,2
Jose,0942136593,50,여,필리핀,광주,언어연수,1
Zhang Lei,7894204024,26,남,중국,대구,예술가,2
Tran,2332658354,34,여,베트남,광주,유학,2
Grace,1987581041,18,남,필리핀,대구,언어연수,3
Carlos,0015868980,19,여,필리핀,부산,언어연수,1
Preecha,4213694565,40,여,태국,인천,노동자,4
Chen Jie,5380226706,23,남,중국,광주,노동자,6
Somchai,9636524097,31,남,태국,부산,노동자,1
Bat,6784901206,18,남,몽골,울산,노동자,5
Phan,6552136595,35,여,베트남,인천,유학,7
Nguyen,4713469336,31,남,베트남,대구,유학,2
Maria,7780902740,24,여,필리핀,서울,언어연수,4
Nguyen,5229135437,18,남,베트남,부산,노동자,1
Chai,7518460041,33,남,태국,대구,언어연수,5
Anong,1546433340,40,여,태국,서울,언어연수,1
Jose,2382112682,31,여,필리핀,대구,유학,1
Grace,0686624852,18,남,필리핀,대구,언어연수,1
Liu Yang,9293189464,60,남,중국,대구,노동자,4
Gulnara,6707109959,23,여,우즈베키스탄,인천,언어연수,3
Wang Fang,0725409756,18,남,중국,광주,언어연수,1
Li Wei,7850417569,40,남,중국,서울,예술가,3
Chai,7956148371,18,남,태국,대구,노동자,1
Nguyen,7052272346,42,남,베트남,울산,유학,5
Bat,6610078102,18,여,몽골,울산,예술가,3
Aziz,9534046795,48,남,우즈베키스탄,대전,노동자,2
Rustam,4226755193,41,여,우즈베키스탄,서울,예술가,2
Gulnara,6970351450,19,남,우즈베키스탄,광주,노동자,4
Jose,6400105315,18,남,필리핀,서울,언어연수,1
Preecha,6767360877,42,남,태국,서울,언어연수,1
Li Wei,3172125078,33,여,중국,부산,유학,1
Li Wei,3098376414,33,여,중국,부산,언어연수,1
Aziz,0901617944,42,여,우즈베키스탄,인천,언어연수,1
Batzorig,3732241424,31,남,몽골,광주,노동자,4
Li Wei,2408600305,27,여,중국,대전,유학,1
Enkhbayar,7353609335,28,남,몽골,서울,예술가,2
Bat,2035635909,18,남,몽골,대구,유학,4
Li Wei,6417557561,18,여,중국,인천,노동자,5
Ali,9149433187,18,남,우즈베키스탄,광주,예술가,3
Liu Yang,8170844128,46,여,중국,인천,언어연수,4
Enkhbayar,8899548284,18,여,몽골,서울,유학,1
Rosa,5656429740,53,남,필리핀,부산,언어연수,1
Liu Yang,1780043039,26,남,중국,부산,예술가,4
Nguyen,5044892261,18,남,베트남,부산,유학,4
Supalak,3797438945,37,여,태국,대구,언어연수,5
Chen Jie,9642278535,40,여,중국,대구,유학,1
Gulnara,4134722267,41,여,우즈베키스탄,서울,언어연수,4
Le,2898403100,20,남,베트남,광주,유학,6
Ali,7597839925,31,남,우즈베키스탄,대구,노동자,3
Rosa,0392752932,24,남,필리핀,서울,예술가,3
Somchai,3314819780,54,남,태국,인천,노동자,1
Dilnoza,4692162860,35,여,우즈베키스탄,광주,예술가,4
Preecha,9131111588,37,여,태국,인천,유학,2
Chen Jie,4150355824,30,남,중국,대전,예술가,2
Somchai,5587969649,21,남,태국,인천,노동자,1
Jose,4703915126,32,남,필리핀,부산,유학,2
Wang Fang,3318990282,44,남,중국,대전,예술가,4
Rustam,5383685721,18,남,우즈베키스탄,부산,유학,1
Phan,8961049743,18,여,베트남,부산,언어연수,3
Tran,1489692495,37,여,베트남,대전,노동자,5
Batzorig,6014828002,18,남,몽골,울산,유학,3
Batzorig,8041678728,30,남,몽골,대전,노동자,3
Somchai,8870886154,24,여,태국,광주,언어연수,3
Nguyen,4297970927,24,여,베트남,서울,예술가,4
Gulnara,6187473669,18,여,우즈베키스탄,광주,언어연수,4
Li Wei,6697986977,20,여,중국,인천,언어연수,1
Hoang,0567789290,28,남,베트남,부산,노동자,3
Hoang,8132379246,20,남,베트남,대구,노동자,2
Tran,2531191110,18,여,베트남,인천,언어연수,1
Chen Jie,8863283045,27,여,중국,대구,유학,4
Supalak,9202576372,18,여,태국,대구,예술가,1
Carlos,5410779470,22,여,필리핀,서울,노동자,4
Supalak,3281288032,36,남,태국,서울,유학,1
Enkhbayar,5553451563,23,여,몽골,대전,예술가,2
Anong,0843799965,18,남,태국,울산,예술가,1
Carlos,8807754358,38,남,필리핀,서울,유학,1
Zhang Lei,5322077843,35,여,중국,대구,노동자,1
Grace,1673443500,29,남,필리핀,대전,언어연수,1
Tsetsgee,6955230430,19,남,몽골,광주,유학,4
Wang Fang,1975147331,41,남,중국,광주,유학,1
Wang Fang,6417965922,25,남,중국,서울,유학,6
Maria,6138770678,20,남,필리핀,울산,예술가,2
Dilnoza,1249774074,38,남,우즈베키스탄,부산,언어연수,2
Wang Fang,3968526573,18,남,중국,서울,유학,3
Narantuya,1571438975,45,남,몽골,울산,노동자,1
Nguyen,0654088685,34,여,베트남,대구,노동자,10
Nguyen,3841057146,45,남,베트남,광주,유학,3
Tran,0907436088,27,남,베트남,서울,유학,4
Ali,3234622969,56,여,우즈베키스탄,서울,예술가,1
Jose,0504692940,34,여,필리핀,부산,유학,5
Liu Yang,5321953181,42,남,중국,서울,예술가,1
Jose,3460581913,18,남,필리핀,대전,언어연수,4
Jose,2666487550,23,남,필리핀,광주,언어연수,1
Nguyen,0939545967,29,여,베트남,울산,언어연수,4
Liu Yang,7888442523,20,남,중국,부산,예술가,5
Anong,1260795016,26,남,태국,부산,노동자,1
Tran,2759474629,36,남,베트남,대구,유학,2
Wang Fang,4409315610,48,남,중국,울산,언어연수,5
Supalak,6893002244,37,남,태국,인천,유학,2
Anong,7991003579,18,남,태국,서울,유학,5
Somchai,3462933906,24,여,태국,인천,언어연수,4
Grace,4254133274,25,여,필리핀,부산,유학,6
Li Wei,4695118103,25,여,중국,인천,유학,1
Batzorig,8169411487,37,여,몽골,인천,노동자,1
Hoang,7816368603,32,여,베트남,부산,유학,4
Chen Jie,5049183945,24,남,중국,광주,언어연수,4
Jose,9777917492,46,여,필리핀,울산,예술가,1
Wang Fang,4755716262,18,남,중국,대전,예술가,1
Bat,1100626689,18,남,몽골,부산,유학,3
Tsetsgee,8077349160,39,남,몽골,광주,유학,3
Tran,7762824763,42,남,베트남,울산,언어연수,1
Grace,0171486578,18,여,필리핀,인천,노동자,3
Li Wei,9819389752,18,남,중국,부산,예술가,1
Chai,0662217255,31,남,태국,부산,유학,1
Chai,4826882674,18,남,태국,울산,유학,2
Carlos,9625568116,44,남,필리핀,대구,언어연수,3
Tran,3432046445,35,여,베트남,울산,유학,1
Zhang Lei,1525866961,18,남,중국,부산,유학,1
Rosa,3608806646,34,남,필리핀,인천,노동자,2
Dilnoza,1723848934,22,남,우즈베키스탄,서울,유학,2
Tsetsgee,7471356897,25,여,몽골,울산,언어연수,5
Jose,6392627036,24,남,필리핀,인천,노동자,4
Tsetsgee,3201663929,42,여,몽골,광주,예술가,1
Preecha,2541465566,37,남,태국,인천,유학,1
Hoang,6284087505,41,남,베트남,서울,유학,1
Rustam,2236445023,21,여,우즈베키스탄,울산,노동자,2
Hoang,8307065543,27,남,베트남,광주,노동자,2
Batzorig,8035549425,48,여,몽골,광주,노동자,2
Hoang,8501688276,29,남,베트남,인천,노동자,2
Anong,5334717724,20,남,태국,광주,언어연수,4
Aziz,9821986772,56,여,우즈베키스탄,서울,예술가,10
Dilnoza,7945921220,30,남,우즈베키스탄,대전,언어연수,1
Narantuya,0348745974,23,남,몽골,인천,예술가,1
Aziz,1487614709,34,여,우즈베키스탄,인천,노동자,2
Le,5618073675,30,남,베트남,대전,유학,5
Le,5479416390,47,여,베트남,인천,예술가,3
Grace,2062739502,43,남,필리핀,광주,유학,2
Rustam,3399303937,18,남,우즈베키스탄,대전,언어연수,3
Le,3055945274,56,남,베트남,울산,예술가,3
Nguyen,0415228129,23,여,베트남,대구,노동자,1
Maria,4322905973,18,남,필리핀,부산,예술가,2
Narantuya,2317213911,26,여,몽골,대전,노동자,2
Gulnara,2108840206,27,여,우즈베키스탄,인천,예술가,2
Chai,8149712718,36,여,태국,광주,예술가,1
Tran,6722749949,41,남,베트남,대구,예술가,1
Li Wei,6036503603,38,여,중국,대전,유학,2
Gulnara,0787384429,44,남,우즈베키스탄,울산,언어연수,1
Chen Jie,2804290313,18,여,중국,서울,노동자,1
Aziz,8132434968,18,남,우즈베키스탄,광주,언어연수,6
Carlos,1197912800,48,여,필리핀,광주,노동자,2
Jose,8996583584,26,남,필리핀,서울,예술가,3
Preecha,1435961521,49,여,태국,서울,예술가,1
Le,0093478197,21,남,베트남,울산,언어연수,1
Somchai,0030610757,20,여,태국,인천,유학,4
Batzorig,0099042350,28,여,몽골,광주,유학,1
Hoang,8559234583,31,남,베트남,울산,유학,1
Chen Jie,0305442354,25,남,중국,인천,언어연수,2
Nguyen,5575663119,30,남,베트남,서울,노동자,4
Enkhbayar,6334114518,27,여,몽골,대구,예술가,5
Enkhbayar,0172984456,29,남,몽골,대구,언어연수,1
Liu Yang,0743157015,18,남,중국,부산,노동자,7
Grace,4293693494,31,남,필리핀,부산,예술가,5
Hoang,8751806549,30,남,베트남,대구,노동자,1
Enkhbayar,1195267513,29,남,몽골,인천,유학,1
Ali,4463504469,30,여,우즈베키스탄,부산,노동자,3
Jose,5667483606,28,여,필리핀,대구,노동자,2
Rosa,2994722894,35,여,필리핀,서울,예술가,4
Li Wei,8429320363,29,여,중국,부산,예술가,5
Bat,3509853871,18,남,몽골,대구,유학,4
Grace,0521021148,21,남,필리핀,대구,언어연수,5
Phan,7667522863,42,남,베트남,대전,노동자,3
Chen Jie,3352440382,41,남,중국,부산,예술가,3
Enkhbayar,8393807772,44,여,몽골,인천,예술가,2
Preecha,7433288983,35,여,태국,인천,유학,2
Anong,2407139857,18,여,태국,인천,언어연수,1
Preecha,6309735759,21,여,태국,광주,노동자,1
Anong,1650733606,39,남,태국,인천,유학,3
Rosa,6386457466,44,남,필리핀,광주,노동자,2
Wang Fang,4470423063,25,여,중국,인천,예술가,1
Gulnara,5560524196,27,여,우즈베키스탄,인천,유학,6
Chai,9428371679,26,남,태국,서울,언어연수,3
Enkhbayar,0173368885,21,남,몽골,서울,언어연수,2
Preecha,9864678104,38,여,태국,대전,예술가,5
Aziz,4316341281,47,여,우즈베키스탄,부산,유학,1
Batzorig,4541507037,40,여,몽골,울산,언어연수,1
Preecha,0022773971,20,여,태국,부산,노동자,1
Ali,5322725931,18,남,우즈베키스탄,광주,언어연수,2
Narantuya,0062223939,37,여,몽골,서울,유학,2
Ali,7795130732,41,남,우즈베키스탄,부산,유학,3
Wang Fang,8051662996,18,남,중국,부산,예술가,1
Wang Fang,1478809987,46,남,중국,인천,유학,1
Li Wei,9119343898,29,남,중국,인천,노동자,2
Gulnara,6913882630,51,남,우즈베키스탄,부산,노동자,3
Chai,4482268200,48,남,태국,인천,유학,4
Ali,8074260771,18,남,우즈베키스탄,대전,노동자,3
Ali,1385542908,19,남,우즈베키스탄,광주,예술가,1
Bat,6809046554,24,여,몽골,광주,노동자,6
Aziz,5514430492,35,남,우즈베키스탄,대구,유학,1
Rosa,1528321247,47,여,필리핀,대구,예술가,2
Batzorig,0851317689,42,남,몽골,인천,예술가,1
Carlos,5237410259,34,여,필리핀,대구,유학,1
Enkhbayar,9163049962,18,남,몽골,서울,예술가,2
Batzorig,0848218514,18,여,몽골,광주,노동자,10
Batzorig,8488105874,47,여,몽골,서울,예술가,1
Ali,3041733517,29,남,우즈베키스탄,대전,유학,1
Rustam,6954612418,21,여,우즈베키스탄,광주,예술가,3
Hoang,6372469886,37,남,베트남,울산,예술가,1
Grace,2585277555,24,남,필리핀,서울,언어연수,3
Hoang,2059281928,27,남,베트남,광주,예술가,2
Le,4189989747,38,여,베트남,울산,언어연수,1
Ali,3913831092,39,여,우즈베키스탄,울산,노동자,1
Li Wei,5219812113,34,여,중국,부산,언어연수,6
Grace,5456684885,25,남,필리핀,서울,예술가,3
Ali,5081771638,18,남,우즈베키스탄,울산,예술가,1
Nguyen,7267338443,26,남,베트남,서울,예술가,1
Wang Fang,0802344647,32,남,중국,광주,유학,3
Enkhbayar,2401649345,28,여,몽골,대구,노동자,1
Liu Yang,9002671651,45,남,중국,인천,언어연수,6
Hoang,4010654115,41,여,베트남,서울,예술가,4
Batzorig,0892396851,46,남,몽골,대전,언어연수,5
Gulnara,4832697718,36,여,우즈베키스탄,울산,유학,3
Li Wei,6329700918,26,여,중국,서울,예술가,2
Preecha,0110241650,18,여,태국,대구,예술가,1
Jose,1348738097,37,남,필리핀,대전,예술가,1
