아이디,이름,나이,국적,거주지,직업
id_001,Katherine Flores,32,필리핀,광주,교사
id_002,David Curry,44,우즈베키스탄,울산,학생
id_003,Nancy Hendricks,29,중국,세종,교사
id_004,Crystal Miller,22,태국,경상남도,예술가
id_005,Ashley Perry,43,중국,강원도,프리랜서
id_006,Aaron Crane,47,태국,대구,교사
id_007,Samantha Walker,27,우즈베키스탄,제주특별자치도,예술가
id_008,Ashley Brooks,42,우즈베키스탄,세종,기술자
id_009,Kimberly Mccoy,18,몽골,세종,의료인
id_010,Lori Blake,50,필리핀,전라남도,프리랜서
id_011,Christopher Wilkins,19,태국,전라남도,연구원
id_012,Ethan Garcia,39,몽골,대구,기술자
id_013,Mary Jordan,36,필리핀,대구,자영업
id_014,Dana Taylor,19,태국,경기도,기술자
id_015,Jessica Oconnor,20,태국,충청남도,자영업
id_016,Cynthia Flores,21,태국,전라북도,연구원
id_017,Taylor Strickland,50,몽골,서울,예술가
id_018,Margaret Edwards,31,우즈베키스탄,대전,연구원
id_019,Jeffrey Johnston,21,중국,경상북도,교사
id_020,Brandon Clark,19,태국,제주특별자치도,예술가
id_021,Carla Rose,24,우즈베키스탄,경상남도,기술자
id_022,Frederick Lewis,31,중국,제주특별자치도,공무원
id_023,Karen Spencer,39,우즈베키스탄,울산,자영업
id_024,Melissa Davis,35,우즈베키스탄,제주특별자치도,예술가
id_025,Nicole Smith,22,몽골,세종,자영업
id_026,Jeffrey Ramirez,45,우즈베키스탄,부산,기술자
id_027,Kelly Fisher,43,중국,전라북도,회사원
id_028,Sean Rodriguez,49,베트남,대구,운동선수
id_029,Robert Johnson,28,필리핀,경상남도,프리랜서
id_030,William Sanchez,34,중국,충청남도,공무원
id_031,Taylor Morales,20,우즈베키스탄,울산,연구원
id_032,Gordon Burgess,43,필리핀,전라북도,공무원
id_033,Anthony Gutierrez,45,필리핀,강원도,운동선수
id_034,Carrie Mcmahon,29,몽골,충청북도,교사
id_035,Brenda Miller,21,태국,울산,의료인
id_036,Andrew Thomas,30,중국,경상남도,학생
id_037,Charles Mason,30,필리핀,부산,디자이너
id_038,Claudia Olson,44,필리핀,경기도,프리랜서
id_039,Nicholas Roberts,48,태국,강원도,자영업
id_040,Ryan Carter,46,베트남,경상북도,교사
id_041,Kerri Cooper,40,중국,부산,연구원
id_042,Raymond Little,38,태국,충청북도,회사원
id_043,Christian Scott,30,베트남,제주특별자치도,프리랜서
id_044,Michael Ryan,22,우즈베키스탄,전라남도,의료인
id_045,Bruce Phillips,50,중국,인천,운동선수
id_046,Laura Garcia,30,필리핀,강원도,예술가
id_047,Selena Owen,25,우즈베키스탄,전라남도,학생
id_048,Michael Richards,27,필리핀,서울,회사원
id_049,Heather Lin,23,필리핀,부산,공무원
id_050,Sharon Carey,35,태국,부산,의료인
